timestamp,temperature_celsius,humidity_percent,pH,salinity_psu
2024-01-01 00:00:00,19.62,89.06,7.37,35.71
2024-01-01 01:00:00,19.25,84.26,7.39,35.25
2024-01-01 02:00:00,20.32,79.92,7.25,35.89
2024-01-01 03:00:00,22.67,76.28,7.29,35.26
2024-01-01 04:00:00,21.82,80.26,7.32,36.16
2024-01-01 05:00:00,22.71,77.02,7.27,35.19
2024-01-01 06:00:00,26.1,73.99,7.12,35.97
2024-01-01 07:00:00,26.27,73.74,7.19,35.31
2024-01-01 08:00:00,27.38,69.07,7.25,35.15
2024-01-01 09:00:00,28.66,69.11,7.32,35.79
2024-01-01 10:00:00,28.94,70.2,7.25,34.98
2024-01-01 11:00:00,29.74,68.92,7.19,35.56
2024-01-01 12:00:00,28.79,70.58,7.22,35.04
2024-01-01 13:00:00,29.44,68.63,7.3,34.97
2024-01-01 14:00:00,30.12,68.44,7.25,35.52
2024-01-01 15:00:00,27.22,67.43,7.34,36.55
2024-01-01 16:00:00,27.59,71.17,7.35,35.71
2024-01-01 17:00:00,26.13,73.15,7.2,35.24
2024-01-01 18:00:00,25.05,76.75,7.31,35.95
2024-01-01 19:00:00,23.96,77.07,7.4,36.26
2024-01-01 20:00:00,25.35,74.63,7.6,35.76
2024-01-01 21:00:00,21.1,82.34,7.44,35.51
2024-01-01 22:00:00,20.93,80.99,7.34,35.31
2024-01-01 23:00:00,19.02,83.45,7.58,35.7
2024-01-02 00:00:00,20.98,76.2,7.06,35.41
2024-01-02 01:00:00,20.58,88.97,7.58,36.44
2024-01-02 02:00:00,19.41,83.51,7.48,36.2
2024-01-02 03:00:00,22.03,73.38,7.66,36.07
2024-01-02 04:00:00,23.47,74.57,7.45,36.23
2024-01-02 05:00:00,24.25,76.91,7.15,35.1
2024-01-02 06:00:00,26.17,69.93,7.47,35.26
2024-01-02 07:00:00,27.17,74.47,7.62,35.98
2024-01-02 08:00:00,29.88,71.69,7.51,36.5
2024-01-02 09:00:00,29.69,63.2,7.41,35.44
2024-01-02 10:00:00,30.19,65.64,7.48,35.0
2024-01-02 11:00:00,31.31,65.45,7.4,36.39
2024-01-02 12:00:00,29.96,64.39,7.65,36.82
2024-01-02 13:00:00,28.54,69.77,7.58,36.69
2024-01-02 14:00:00,29.87,65.28,7.53,37.0
2024-01-02 15:00:00,28.54,69.8,7.81,35.71
2024-01-02 16:00:00,27.02,68.34,7.51,36.08
2024-01-02 17:00:00,26.4,72.08,7.39,36.5
2024-01-02 18:00:00,26.33,72.26,7.67,36.16
2024-01-02 19:00:00,22.96,75.4,7.6,36.58
2024-01-02 20:00:00,22.13,78.57,7.73,35.91
2024-01-02 21:00:00,22.94,82.94,7.33,35.82
2024-01-02 22:00:00,20.48,84.64,7.22,36.37
2024-01-02 23:00:00,21.73,76.57,7.63,36.09
2024-01-03 00:00:00,18.93,80.75,7.43,36.61
2024-01-03 01:00:00,20.67,81.54,7.82,36.03
2024-01-03 02:00:00,20.63,83.5,7.57,36.03
2024-01-03 03:00:00,20.85,78.32,7.3,36.5
2024-01-03 04:00:00,22.28,81.4,7.39,36.39
2024-01-03 05:00:00,21.78,81.71,7.43,36.89
2024-01-03 06:00:00,27.36,71.91,7.73,36.53
2024-01-03 07:00:00,28.38,71.05,7.19,36.79
2024-01-03 08:00:00,28.17,71.76,7.43,36.42
2024-01-03 09:00:00,30.32,72.13,7.54,36.58
2024-01-03 10:00:00,29.7,70.04,7.87,36.63
2024-01-03 11:00:00,32.15,56.83,7.78,37.59
2024-01-03 12:00:00,31.22,61.99,7.65,36.25
2024-01-03 13:00:00,30.06,66.25,7.57,37.0
2024-01-03 14:00:00,28.59,66.66,7.53,36.57
2024-01-03 15:00:00,29.44,67.1,7.61,37.83
2024-01-03 16:00:00,27.44,73.21,7.57,37.52
2024-01-03 17:00:00,26.31,80.15,7.3,36.69
2024-01-03 18:00:00,24.34,76.73,7.32,36.41
2024-01-03 19:00:00,24.49,77.73,7.34,36.73
2024-01-03 20:00:00,23.83,76.55,7.44,36.41
2024-01-03 21:00:00,21.86,79.39,7.44,37.32
2024-01-03 22:00:00,20.46,82.6,7.67,36.04
2024-01-03 23:00:00,19.66,83.89,7.53,36.86
2024-01-04 00:00:00,22.64,77.34,7.25,38.04
2024-01-04 01:00:00,19.93,81.74,7.83,36.87
2024-01-04 02:00:00,20.55,89.51,7.46,36.87
2024-01-04 03:00:00,22.73,77.25,7.37,36.31
2024-01-04 04:00:00,23.36,73.02,7.6,36.45
2024-01-04 05:00:00,24.2,77.81,7.54,36.44
2024-01-04 06:00:00,23.92,77.7,7.58,35.9
2024-01-04 07:00:00,26.7,74.29,7.27,36.7
2024-01-04 08:00:00,26.93,74.06,7.58,36.89
2024-01-04 09:00:00,28.4,66.92,7.32,36.34
2024-01-04 10:00:00,29.04,66.77,7.37,38.05
2024-01-04 11:00:00,27.74,69.67,7.48,36.5
2024-01-04 12:00:00,30.23,64.46,7.49,37.5
2024-01-04 13:00:00,31.62,63.51,7.38,37.22
2024-01-04 14:00:00,29.52,67.29,7.37,36.97
2024-01-04 15:00:00,30.86,63.87,7.45,37.21
2024-01-04 16:00:00,26.44,71.42,7.39,36.96
2024-01-04 17:00:00,26.85,73.65,7.46,37.66
2024-01-04 18:00:00,25.43,77.99,7.25,37.24
2024-01-04 19:00:00,24.84,75.31,7.46,37.12
2024-01-04 20:00:00,23.86,72.8,7.62,36.08
2024-01-04 21:00:00,22.1,83.67,7.36,37.23
2024-01-04 22:00:00,22.12,76.37,7.69,37.34
2024-01-04 23:00:00,18.93,82.33,7.29,37.1
2024-01-05 00:00:00,18.56,83.75,7.41,36.82
2024-01-05 01:00:00,21.13,82.29,7.42,38.06
2024-01-05 02:00:00,22.53,79.87,7.57,36.55
2024-01-05 03:00:00,22.19,76.17,7.14,36.88
2024-01-05 04:00:00,25.08,70.06,7.4,37.5
2024-01-05 05:00:00,23.08,73.6,7.18,36.74
2024-01-05 06:00:00,25.72,72.03,7.33,36.64
2024-01-05 07:00:00,25.77,71.11,7.21,37.15
2024-01-05 08:00:00,27.56,68.46,7.53,37.99
2024-01-05 09:00:00,28.71,74.32,7.26,36.89
2024-01-05 10:00:00,28.6,70.94,7.32,36.57
2024-01-05 11:00:00,31.37,64.79,7.39,38.0
2024-01-05 12:00:00,31.1,70.43,7.11,35.99
2024-01-05 13:00:00,30.91,64.68,7.21,36.8
2024-01-05 14:00:00,30.81,66.96,7.25,36.65
2024-01-05 15:00:00,29.74,67.64,7.44,37.23
2024-01-05 16:00:00,28.7,71.34,7.43,36.56
2024-01-05 17:00:00,25.5,73.62,7.16,36.39
2024-01-05 18:00:00,25.63,73.81,7.19,37.47
2024-01-05 19:00:00,23.8,76.62,7.14,37.26
2024-01-05 20:00:00,24.18,71.58,7.24,36.54
2024-01-05 21:00:00,24.14,74.44,7.24,37.41
2024-01-05 22:00:00,22.5,81.52,7.03,35.92
2024-01-05 23:00:00,22.75,80.41,7.06,36.28
2024-01-06 00:00:00,22.76,79.85,7.25,36.79
2024-01-06 01:00:00,21.74,80.17,7.01,37.55
2024-01-06 02:00:00,21.7,79.6,6.93,35.71
2024-01-06 03:00:00,22.77,81.01,6.89,37.04
2024-01-06 04:00:00,22.9,75.18,6.94,37.32
2024-01-06 05:00:00,23.77,74.57,7.12,37.48
2024-01-06 06:00:00,26.3,76.62,7.27,36.27
2024-01-06 07:00:00,27.19,74.4,7.18,36.84
2024-01-06 08:00:00,29.81,70.53,7.11,36.96
2024-01-06 09:00:00,29.86,64.25,6.95,36.55
2024-01-06 10:00:00,30.78,66.48,6.94,36.05
2024-01-06 11:00:00,28.89,65.27,7.15,37.39
2024-01-06 12:00:00,31.22,67.66,7.34,36.99
2024-01-06 13:00:00,29.91,68.21,6.91,36.9
2024-01-06 14:00:00,29.72,71.29,6.99,36.71
2024-01-06 15:00:00,29.12,66.69,7.05,35.82
2024-01-06 16:00:00,28.93,71.58,7.19,35.93
2024-01-06 17:00:00,27.55,71.86,7.39,36.0
2024-01-06 18:00:00,26.12,72.88,7.03,36.36
2024-01-06 19:00:00,24.55,75.78,7.15,36.51
2024-01-06 20:00:00,24.26,80.11,6.75,37.0
2024-01-06 21:00:00,22.57,83.92,7.14,35.65
2024-01-06 22:00:00,20.79,81.54,7.02,36.33
2024-01-06 23:00:00,21.78,80.11,6.96,36.05
2024-01-07 00:00:00,21.62,80.26,7.12,35.61
2024-01-07 01:00:00,20.84,80.34,6.81,36.7
2024-01-07 02:00:00,24.03,77.76,6.77,35.1
2024-01-07 03:00:00,21.88,80.94,7.15,35.62
2024-01-07 04:00:00,24.26,75.31,7.09,36.04
2024-01-07 05:00:00,24.1,71.75,6.92,36.26
2024-01-07 06:00:00,24.79,76.42,6.87,35.83
2024-01-07 07:00:00,27.6,76.88,7.0,35.18
2024-01-07 08:00:00,29.29,66.7,6.99,36.48
2024-01-07 09:00:00,30.44,71.88,7.36,36.15
2024-01-07 10:00:00,30.33,69.85,7.16,35.21
2024-01-07 11:00:00,31.16,67.23,7.24,35.42
2024-01-07 12:00:00,30.62,67.98,7.03,34.93
2024-01-07 13:00:00,31.32,65.37,6.88,36.41
2024-01-07 14:00:00,32.89,64.98,6.8,36.42
2024-01-07 15:00:00,29.33,63.04,7.07,36.54
2024-01-07 16:00:00,26.28,79.64,6.83,35.87
2024-01-07 17:00:00,26.7,70.07,6.83,35.74
2024-01-07 18:00:00,25.11,70.05,6.79,35.78
2024-01-07 19:00:00,23.12,75.47,7.05,35.5
2024-01-07 20:00:00,22.79,74.54,6.84,34.86
2024-01-07 21:00:00,20.9,82.46,7.01,34.99
2024-01-07 22:00:00,23.53,80.61,7.1,34.88
2024-01-07 23:00:00,21.91,86.9,7.09,36.15
2024-01-08 00:00:00,20.09,86.06,6.58,35.41
2024-01-08 01:00:00,21.13,76.15,6.66,35.84
2024-01-08 02:00:00,20.43,83.33,7.13,35.5
2024-01-08 03:00:00,21.9,79.11,6.94,35.7
2024-01-08 04:00:00,24.2,77.98,6.89,35.33
2024-01-08 05:00:00,22.99,77.2,6.8,34.92
2024-01-08 06:00:00,25.76,73.09,7.06,34.87
2024-01-08 07:00:00,27.63,69.25,6.92,35.41
2024-01-08 08:00:00,30.2,69.26,6.99,35.02
2024-01-08 09:00:00,28.66,72.82,7.31,35.32
2024-01-08 10:00:00,29.81,67.7,7.01,35.68
2024-01-08 11:00:00,31.62,63.91,6.68,33.91
2024-01-08 12:00:00,30.41,68.25,6.93,35.67
2024-01-08 13:00:00,31.42,67.9,6.58,35.3
2024-01-08 14:00:00,31.8,65.94,6.79,35.28
2024-01-08 15:00:00,30.3,68.57,6.87,34.78
2024-01-08 16:00:00,30.22,70.41,7.03,34.81
2024-01-08 17:00:00,27.31,68.78,7.05,35.32
2024-01-08 18:00:00,27.08,72.25,6.87,34.18
2024-01-08 19:00:00,25.7,70.95,7.18,34.79
2024-01-08 20:00:00,22.58,83.86,6.83,34.73
2024-01-08 21:00:00,22.87,77.52,6.88,34.8
2024-01-08 22:00:00,21.86,79.89,7.15,34.39
2024-01-08 23:00:00,20.82,82.44,6.9,34.93
2024-01-09 00:00:00,21.36,81.84,7.21,34.17
2024-01-09 01:00:00,21.53,79.46,6.98,34.3
2024-01-09 02:00:00,23.7,72.64,6.6,34.89
2024-01-09 03:00:00,21.05,81.32,6.79,35.55
2024-01-09 04:00:00,23.77,76.13,6.87,33.63
2024-01-09 05:00:00,24.35,72.78,6.86,34.14
2024-01-09 06:00:00,27.91,74.63,7.02,34.33
2024-01-09 07:00:00,27.11,70.44,6.79,33.84
2024-01-09 08:00:00,30.12,59.78,6.86,34.81
2024-01-09 09:00:00,29.56,71.87,7.08,34.37
2024-01-09 10:00:00,31.43,61.25,7.27,34.21
2024-01-09 11:00:00,30.98,65.99,6.89,34.43
2024-01-09 12:00:00,32.07,62.74,6.91,34.56
2024-01-09 13:00:00,31.06,66.6,7.13,34.28
2024-01-09 14:00:00,29.77,69.54,7.15,34.51
2024-01-09 15:00:00,30.15,64.99,6.86,33.43
2024-01-09 16:00:00,27.33,73.92,7.3,33.12
2024-01-09 17:00:00,28.03,72.08,6.97,34.12
2024-01-09 18:00:00,27.65,69.54,7.01,34.31
2024-01-09 19:00:00,24.64,68.88,7.25,34.35
2024-01-09 20:00:00,23.44,74.94,6.89,34.33
2024-01-09 21:00:00,22.82,77.33,7.26,33.41
2024-01-09 22:00:00,23.04,76.92,7.11,33.59
2024-01-09 23:00:00,22.77,82.74,7.1,33.62
2024-01-10 00:00:00,23.02,73.17,7.08,33.59
2024-01-10 01:00:00,22.27,76.99,7.01,34.61
2024-01-10 02:00:00,22.47,80.81,7.07,34.21
2024-01-10 03:00:00,22.78,81.42,7.0,34.25
2024-01-10 04:00:00,23.06,77.02,7.04,33.74
2024-01-10 05:00:00,23.8,73.71,7.03,34.27
2024-01-10 06:00:00,26.39,67.28,7.21,33.71
2024-01-10 07:00:00,26.64,71.52,7.09,33.71
2024-01-10 08:00:00,29.83,66.27,7.01,34.3
2024-01-10 09:00:00,31.85,64.14,7.23,34.17
2024-01-10 10:00:00,31.36,66.59,7.06,34.49
2024-01-10 11:00:00,30.34,66.56,7.13,34.5
2024-01-10 12:00:00,32.17,63.36,7.1,33.64
2024-01-10 13:00:00,32.24,62.79,6.74,33.23
2024-01-10 14:00:00,32.29,63.51,7.08,33.92
2024-01-10 15:00:00,31.74,61.96,7.03,33.03
2024-01-10 16:00:00,30.83,68.07,7.13,33.86
2024-01-10 17:00:00,27.6,67.37,7.32,33.25
2024-01-10 18:00:00,29.06,67.68,7.31,32.87
2024-01-10 19:00:00,24.68,78.61,7.24,34.1
2024-01-10 20:00:00,23.9,74.99,7.37,34.07
2024-01-10 21:00:00,25.0,71.75,6.99,33.93
2024-01-10 22:00:00,22.55,77.03,7.17,34.47
2024-01-10 23:00:00,21.76,81.17,7.11,32.9
2024-01-11 00:00:00,21.04,82.57,7.19,33.36
2024-01-11 01:00:00,24.08,74.42,7.31,33.36
2024-01-11 02:00:00,23.9,78.48,7.3,32.64
2024-01-11 03:00:00,21.77,79.09,7.11,32.82
2024-01-11 04:00:00,22.5,77.76,7.51,32.83
2024-01-11 05:00:00,26.3,67.53,7.14,32.4
2024-01-11 06:00:00,26.04,77.23,7.37,32.43
2024-01-11 07:00:00,28.06,70.75,7.21,32.89
2024-01-11 08:00:00,30.22,66.84,7.63,33.42
2024-01-11 09:00:00,32.24,68.09,7.25,32.95
2024-01-11 10:00:00,30.13,66.59,7.39,33.45
2024-01-11 11:00:00,32.04,64.22,7.72,33.67
2024-01-11 12:00:00,31.54,66.16,7.19,32.03
2024-01-11 13:00:00,32.24,60.74,7.29,33.05
2024-01-11 14:00:00,30.15,69.81,7.47,32.85
2024-01-11 15:00:00,31.02,66.17,7.42,32.58
2024-01-11 16:00:00,29.17,69.04,7.6,31.89
2024-01-11 17:00:00,27.66,72.71,7.47,33.78
2024-01-11 18:00:00,27.48,75.44,7.45,33.58
2024-01-11 19:00:00,25.1,70.91,7.52,33.4
2024-01-11 20:00:00,24.62,75.7,7.36,32.37
2024-01-11 21:00:00,22.48,85.93,7.07,32.94
2024-01-11 22:00:00,22.59,82.13,7.42,33.69
2024-01-11 23:00:00,21.57,81.92,7.11,32.3
2024-01-12 00:00:00,20.81,81.27,7.35,33.15
2024-01-12 01:00:00,23.11,79.97,7.29,33.44
2024-01-12 02:00:00,22.85,79.24,7.43,32.92
2024-01-12 03:00:00,22.27,83.05,7.23,33.91
2024-01-12 04:00:00,23.99,80.04,7.65,32.92
2024-01-12 05:00:00,25.76,74.44,7.36,33.0
2024-01-12 06:00:00,26.65,75.82,7.45,32.97
2024-01-12 07:00:00,28.06,67.51,7.45,32.37
2024-01-12 08:00:00,28.49,71.25,7.28,34.27
2024-01-12 09:00:00,30.3,69.0,7.63,32.04
2024-01-12 10:00:00,32.04,62.54,7.46,33.39
2024-01-12 11:00:00,31.21,64.37,7.36,32.87
2024-01-12 12:00:00,30.05,68.45,7.5,32.98
2024-01-12 13:00:00,33.92,64.53,7.24,32.99
2024-01-12 14:00:00,30.35,63.95,7.25,33.83
2024-01-12 15:00:00,30.19,68.26,7.43,34.37
2024-01-12 16:00:00,30.37,62.2,7.18,33.62
2024-01-12 17:00:00,27.87,71.45,7.72,33.05
2024-01-12 18:00:00,27.88,67.89,7.46,32.11
2024-01-12 19:00:00,24.88,72.94,7.44,33.38
2024-01-12 20:00:00,25.17,75.49,7.35,33.78
2024-01-12 21:00:00,24.42,74.72,7.59,31.83
2024-01-12 22:00:00,22.44,82.42,7.5,33.18
2024-01-12 23:00:00,21.42,80.55,7.59,32.65
2024-01-13 00:00:00,21.96,76.77,7.44,32.47
2024-01-13 01:00:00,20.68,81.62,7.81,33.17
2024-01-13 02:00:00,22.31,75.47,7.43,32.3
2024-01-13 03:00:00,25.85,74.41,7.53,32.72
2024-01-13 04:00:00,23.13,77.94,7.53,32.97
2024-01-13 05:00:00,26.84,67.48,7.26,32.45
2024-01-13 06:00:00,27.45,69.98,7.73,32.67
2024-01-13 07:00:00,27.79,69.0,7.63,33.0
2024-01-13 08:00:00,30.06,68.19,7.32,32.67
2024-01-13 09:00:00,29.49,71.03,7.28,32.73
2024-01-13 10:00:00,31.9,63.01,7.45,34.04
2024-01-13 11:00:00,31.03,67.61,7.54,33.79
2024-01-13 12:00:00,32.14,64.62,7.63,32.93
2024-01-13 13:00:00,32.46,61.94,7.98,33.43
2024-01-13 14:00:00,31.36,64.66,7.41,32.97
2024-01-13 15:00:00,28.93,70.29,7.75,32.52
2024-01-13 16:00:00,30.97,65.59,7.56,32.79
2024-01-13 17:00:00,29.79,73.2,7.44,34.46
2024-01-13 18:00:00,27.71,73.98,7.39,32.8
2024-01-13 19:00:00,25.63,72.53,7.46,33.86
2024-01-13 20:00:00,24.78,78.89,7.6,34.11
2024-01-13 21:00:00,24.18,74.79,7.4,33.04
2024-01-13 22:00:00,21.81,70.83,7.64,33.74
2024-01-13 23:00:00,20.23,83.04,7.54,34.21
2024-01-14 00:00:00,22.3,80.76,7.54,33.16
2024-01-14 01:00:00,23.21,78.09,7.13,33.46
2024-01-14 02:00:00,22.44,76.73,7.65,33.93
2024-01-14 03:00:00,24.05,78.92,7.3,33.28
2024-01-14 04:00:00,27.22,69.4,7.27,32.54
2024-01-14 05:00:00,26.72,71.75,7.45,33.63
2024-01-14 06:00:00,27.85,67.65,7.49,33.58
2024-01-14 07:00:00,28.2,71.72,7.66,34.17
2024-01-14 08:00:00,31.09,60.14,7.43,33.66
2024-01-14 09:00:00,29.82,67.95,7.46,34.47
2024-01-14 10:00:00,31.27,68.49,7.15,32.87
2024-01-14 11:00:00,32.67,64.92,7.45,33.71
2024-01-14 12:00:00,30.17,65.34,7.1,33.86
2024-01-14 13:00:00,32.43,56.88,7.69,33.87
2024-01-14 14:00:00,31.33,63.57,7.59,33.97
2024-01-14 15:00:00,31.86,63.62,7.42,33.9
2024-01-14 16:00:00,30.14,70.66,7.66,34.75
2024-01-14 17:00:00,27.56,75.59,7.31,34.96
2024-01-14 18:00:00,28.6,61.7,7.46,33.77
2024-01-14 19:00:00,26.3,73.31,7.58,33.45
2024-01-14 20:00:00,24.81,75.38,7.56,34.02
2024-01-14 21:00:00,24.0,80.13,7.32,33.62
2024-01-14 22:00:00,21.63,80.07,7.41,34.04
2024-01-14 23:00:00,20.8,83.62,7.78,34.42
2024-01-15 00:00:00,21.85,76.83,7.08,34.56
2024-01-15 01:00:00,22.47,73.48,7.31,33.8
2024-01-15 02:00:00,23.82,74.73,7.41,34.19
2024-01-15 03:00:00,25.53,72.86,7.54,33.66
2024-01-15 04:00:00,25.87,71.5,7.33,34.86
2024-01-15 05:00:00,26.2,78.75,7.32,33.63
2024-01-15 06:00:00,28.84,71.59,7.45,34.42
2024-01-15 07:00:00,28.73,71.87,7.18,34.61
2024-01-15 08:00:00,30.13,66.55,7.27,33.83
2024-01-15 09:00:00,31.08,64.24,7.25,34.81
2024-01-15 10:00:00,33.34,57.82,7.28,34.76
2024-01-15 11:00:00,31.73,66.54,7.22,34.56
2024-01-15 12:00:00,33.06,68.15,7.55,34.88
2024-01-15 13:00:00,33.45,59.97,7.33,35.17
2024-01-15 14:00:00,31.35,62.45,6.71,34.68
2024-01-15 15:00:00,29.84,67.41,7.22,34.53
2024-01-15 16:00:00,30.0,68.92,7.27,35.41
2024-01-15 17:00:00,29.5,67.16,7.21,34.99
2024-01-15 18:00:00,27.98,74.24,6.93,34.76
2024-01-15 19:00:00,25.01,75.27,6.93,35.37
2024-01-15 20:00:00,23.98,78.28,7.22,34.3
2024-01-15 21:00:00,23.61,78.53,7.07,34.35
2024-01-15 22:00:00,20.92,81.49,7.23,34.51
2024-01-15 23:00:00,24.32,75.93,7.06,35.18
2024-01-16 00:00:00,22.37,77.79,7.08,34.69
2024-01-16 01:00:00,22.52,72.67,7.02,35.15
2024-01-16 02:00:00,23.13,84.57,7.07,34.54
2024-01-16 03:00:00,24.05,75.0,7.4,35.31
2024-01-16 04:00:00,25.11,79.58,7.11,35.22
2024-01-16 05:00:00,25.63,68.18,7.06,35.97
2024-01-16 06:00:00,28.91,68.24,7.19,35.66
2024-01-16 07:00:00,29.61,71.28,7.25,35.56
2024-01-16 08:00:00,32.64,62.25,6.97,35.73
2024-01-16 09:00:00,31.21,59.42,7.12,35.17
2024-01-16 10:00:00,32.92,67.1,7.07,34.58
2024-01-16 11:00:00,31.93,68.39,6.96,35.42
2024-01-16 12:00:00,34.08,61.35,7.27,34.98
2024-01-16 13:00:00,30.71,65.57,7.16,35.86
2024-01-16 14:00:00,33.11,58.92,6.89,35.8
2024-01-16 15:00:00,31.03,63.02,7.17,35.29
2024-01-16 16:00:00,29.52,66.05,6.93,35.75
2024-01-16 17:00:00,29.45,68.35,6.84,35.38
2024-01-16 18:00:00,26.91,73.26,7.09,35.9
2024-01-16 19:00:00,25.11,73.94,7.0,35.1
2024-01-16 20:00:00,23.74,78.69,7.18,35.1
2024-01-16 21:00:00,24.87,80.53,7.0,36.24
2024-01-16 22:00:00,23.31,83.41,7.11,35.45
2024-01-16 23:00:00,24.08,79.04,7.35,35.6
2024-01-17 00:00:00,19.26,83.91,7.02,35.34
2024-01-17 01:00:00,22.95,74.11,7.21,36.49
2024-01-17 02:00:00,24.07,75.43,7.14,35.16
2024-01-17 03:00:00,24.17,73.95,7.12,35.78
2024-01-17 04:00:00,25.79,78.7,6.87,36.07
2024-01-17 05:00:00,24.81,76.23,6.7,36.21
2024-01-17 06:00:00,27.53,70.21,6.83,36.35
2024-01-17 07:00:00,27.74,75.27,7.11,34.91
2024-01-17 08:00:00,31.51,62.58,6.91,35.91
2024-01-17 09:00:00,31.65,66.0,6.93,36.44
2024-01-17 10:00:00,31.57,62.17,7.24,36.17
2024-01-17 11:00:00,31.52,68.89,7.11,35.97
2024-01-17 12:00:00,33.3,60.26,7.03,36.12
2024-01-17 13:00:00,30.93,68.04,6.97,36.0
2024-01-17 14:00:00,30.89,68.44,7.19,36.93
2024-01-17 15:00:00,31.96,64.64,6.91,36.62
2024-01-17 16:00:00,29.84,68.38,6.85,35.79
2024-01-17 17:00:00,27.41,67.66,6.71,36.55
2024-01-17 18:00:00,28.84,70.12,7.04,36.66
2024-01-17 19:00:00,27.88,70.83,7.18,36.94
2024-01-17 20:00:00,25.51,71.6,6.73,36.35
2024-01-17 21:00:00,25.57,71.74,7.1,36.36
2024-01-17 22:00:00,24.27,75.81,6.91,34.46
2024-01-17 23:00:00,22.3,70.74,6.98,36.23
2024-01-18 00:00:00,22.05,77.72,6.9,37.35
2024-01-18 01:00:00,22.06,77.69,6.85,36.07
2024-01-18 02:00:00,23.92,70.73,6.92,36.32
2024-01-18 03:00:00,23.31,75.67,7.12,36.86
2024-01-18 04:00:00,24.52,80.0,6.69,36.47
2024-01-18 05:00:00,24.66,80.27,6.63,35.88
2024-01-18 06:00:00,27.32,77.09,6.83,36.76
2024-01-18 07:00:00,30.41,66.41,6.88,36.63
2024-01-18 08:00:00,31.34,66.02,6.67,37.47
2024-01-18 09:00:00,31.91,61.55,6.85,36.5
2024-01-18 10:00:00,31.16,64.06,6.82,36.86
2024-01-18 11:00:00,34.4,56.7,6.74,37.24
2024-01-18 12:00:00,32.68,66.42,6.88,37.15
2024-01-18 13:00:00,32.31,65.99,6.93,36.8
2024-01-18 14:00:00,33.14,60.22,6.74,37.0
2024-01-18 15:00:00,29.38,71.12,6.89,36.46
2024-01-18 16:00:00,31.2,67.69,6.81,36.57
2024-01-18 17:00:00,30.06,65.97,6.66,35.89
2024-01-18 18:00:00,28.08,73.36,7.08,37.38
2024-01-18 19:00:00,26.69,72.52,6.82,36.48
2024-01-18 20:00:00,25.56,69.37,7.16,37.44
2024-01-18 21:00:00,24.09,76.06,7.06,36.15
2024-01-18 22:00:00,23.33,77.99,6.72,37.44
2024-01-18 23:00:00,24.39,80.29,6.92,36.4
2024-01-19 00:00:00,21.41,79.31,7.1,36.07
2024-01-19 01:00:00,22.39,79.84,7.21,37.29
2024-01-19 02:00:00,26.14,77.25,6.77,37.72
2024-01-19 03:00:00,25.57,74.69,6.63,36.99
2024-01-19 04:00:00,26.52,74.34,6.73,37.35
2024-01-19 05:00:00,26.51,76.25,6.98,37.19
2024-01-19 06:00:00,28.28,69.47,7.07,36.2
2024-01-19 07:00:00,29.35,65.24,7.15,36.94
2024-01-19 08:00:00,31.0,65.06,7.23,37.23
2024-01-19 09:00:00,33.35,67.4,6.77,36.68
2024-01-19 10:00:00,31.55,60.22,6.94,36.23
2024-01-19 11:00:00,32.93,63.47,7.03,36.3
2024-01-19 12:00:00,32.79,58.53,7.07,37.11
2024-01-19 13:00:00,33.9,67.59,7.23,36.68
2024-01-19 14:00:00,33.32,68.11,6.8,37.06
2024-01-19 15:00:00,31.67,66.09,7.04,37.21
2024-01-19 16:00:00,31.16,66.97,7.21,36.98
2024-01-19 17:00:00,29.51,67.97,6.95,36.14
2024-01-19 18:00:00,29.06,67.08,6.98,37.56
2024-01-19 19:00:00,28.35,71.35,7.17,37.4
2024-01-19 20:00:00,25.37,68.86,6.84,36.66
2024-01-19 21:00:00,25.0,70.67,7.12,36.53
2024-01-19 22:00:00,22.72,81.39,7.03,38.1
2024-01-19 23:00:00,22.77,80.36,6.97,36.34
2024-01-20 00:00:00,23.41,73.2,6.96,36.91
2024-01-20 01:00:00,22.37,80.13,6.7,37.02
2024-01-20 02:00:00,23.1,75.96,7.04,37.38
2024-01-20 03:00:00,26.02,73.39,6.9,37.03
2024-01-20 04:00:00,26.52,76.06,6.8,37.7
2024-01-20 05:00:00,25.71,75.66,6.89,35.61
2024-01-20 06:00:00,27.64,71.06,7.19,36.81
2024-01-20 07:00:00,29.86,70.16,7.0,36.97
2024-01-20 08:00:00,32.11,64.91,6.82,37.28
2024-01-20 09:00:00,30.74,62.26,7.15,36.29
2024-01-20 10:00:00,34.12,58.77,7.21,37.47
2024-01-20 11:00:00,32.41,69.88,7.32,36.57
2024-01-20 12:00:00,32.51,64.49,7.29,37.45
2024-01-20 13:00:00,34.17,62.39,7.34,36.92
2024-01-20 14:00:00,32.48,64.16,7.25,36.94
2024-01-20 15:00:00,30.67,63.22,7.34,37.42
2024-01-20 16:00:00,32.85,67.05,7.1,36.16
2024-01-20 17:00:00,31.54,67.83,7.48,36.8
2024-01-20 18:00:00,27.5,72.04,7.11,36.56
2024-01-20 19:00:00,26.97,76.44,7.37,36.41
2024-01-20 20:00:00,28.09,68.5,6.99,35.69
2024-01-20 21:00:00,24.18,73.34,7.18,36.63
2024-01-20 22:00:00,25.4,72.02,7.12,37.61
2024-01-20 23:00:00,22.34,79.2,7.24,37.25
2024-01-21 00:00:00,23.05,83.69,7.26,35.19
2024-01-21 01:00:00,22.9,77.92,6.9,37.09
2024-01-21 02:00:00,24.82,74.71,7.18,37.26
2024-01-21 03:00:00,26.06,74.66,7.28,36.62
2024-01-21 04:00:00,25.21,75.34,7.47,36.96
2024-01-21 05:00:00,26.43,75.63,7.5,36.96
2024-01-21 06:00:00,29.82,71.51,7.01,37.24
2024-01-21 07:00:00,30.24,70.7,7.35,36.77
2024-01-21 08:00:00,30.3,70.02,7.25,35.5
2024-01-21 09:00:00,33.43,61.53,7.22,36.43
2024-01-21 10:00:00,33.96,62.78,7.28,36.65
2024-01-21 11:00:00,32.84,65.98,7.35,35.48
2024-01-21 12:00:00,34.2,63.5,7.35,36.46
2024-01-21 13:00:00,32.84,63.51,7.2,36.66
2024-01-21 14:00:00,33.15,64.16,7.36,37.09
2024-01-21 15:00:00,31.45,63.6,7.29,36.65
2024-01-21 16:00:00,31.28,59.45,7.32,36.82
2024-01-21 17:00:00,29.98,64.79,7.34,36.7
2024-01-21 18:00:00,29.62,68.23,7.29,36.29
2024-01-21 19:00:00,26.2,75.84,7.37,35.68
2024-01-21 20:00:00,26.61,77.67,7.52,36.1
2024-01-21 21:00:00,25.56,78.45,7.26,35.18
2024-01-21 22:00:00,23.13,74.17,7.46,36.98
2024-01-21 23:00:00,25.12,78.55,7.41,36.99
2024-01-22 00:00:00,22.28,81.37,7.46,35.96
2024-01-22 01:00:00,24.51,76.48,7.51,36.16
2024-01-22 02:00:00,24.32,70.81,7.63,36.06
2024-01-22 03:00:00,25.13,72.57,7.53,36.21
2024-01-22 04:00:00,27.97,69.79,7.35,36.16
2024-01-22 05:00:00,27.15,69.46,7.48,36.42
2024-01-22 06:00:00,28.49,67.99,7.45,35.44
2024-01-22 07:00:00,29.52,71.56,7.6,36.34
2024-01-22 08:00:00,29.62,70.14,7.13,35.19
2024-01-22 09:00:00,33.08,64.37,7.47,35.38
2024-01-22 10:00:00,31.77,65.19,7.39,35.5
2024-01-22 11:00:00,33.41,56.76,7.54,34.74
2024-01-22 12:00:00,33.72,65.69,7.54,36.39
2024-01-22 13:00:00,34.72,62.15,7.41,36.3
2024-01-22 14:00:00,31.83,66.54,7.36,35.2
2024-01-22 15:00:00,31.83,64.73,7.46,36.2
2024-01-22 16:00:00,29.71,69.02,7.57,36.67
2024-01-22 17:00:00,30.35,70.35,7.28,35.36
2024-01-22 18:00:00,28.1,72.54,7.37,36.09
2024-01-22 19:00:00,25.28,74.85,7.38,35.27
2024-01-22 20:00:00,25.67,71.77,7.59,36.2
2024-01-22 21:00:00,25.0,79.56,7.31,36.1
2024-01-22 22:00:00,24.22,73.83,7.42,35.58
2024-01-22 23:00:00,23.15,76.24,7.61,35.68
2024-01-23 00:00:00,24.26,78.13,7.79,35.17
2024-01-23 01:00:00,22.34,73.97,7.55,36.27
2024-01-23 02:00:00,25.31,77.08,7.29,35.37
2024-01-23 03:00:00,24.01,80.49,7.75,35.66
2024-01-23 04:00:00,25.55,73.76,7.68,35.34
2024-01-23 05:00:00,29.46,68.49,7.2,34.66
2024-01-23 06:00:00,28.8,70.77,7.5,35.13
2024-01-23 07:00:00,29.36,67.88,7.72,34.07
2024-01-23 08:00:00,31.36,64.32,7.5,35.3
2024-01-23 09:00:00,32.11,63.4,7.67,35.3
2024-01-23 10:00:00,32.38,65.02,7.68,34.56
2024-01-23 11:00:00,33.48,56.31,7.72,35.84
2024-01-23 12:00:00,34.41,60.26,7.27,34.7
2024-01-23 13:00:00,32.91,65.79,7.72,34.59
2024-01-23 14:00:00,34.39,61.68,7.39,34.57
2024-01-23 15:00:00,32.27,65.12,7.47,34.51
2024-01-23 16:00:00,31.83,63.54,7.45,34.86
2024-01-23 17:00:00,31.33,59.82,7.51,35.04
2024-01-23 18:00:00,28.84,72.64,7.3,34.11
2024-01-23 19:00:00,28.89,75.08,7.44,35.35
2024-01-23 20:00:00,25.93,71.36,7.64,35.08
2024-01-23 21:00:00,26.52,69.29,7.56,34.51
2024-01-23 22:00:00,25.86,69.85,7.58,34.44
2024-01-23 23:00:00,24.79,73.45,7.77,34.0
2024-01-24 00:00:00,24.44,73.41,7.39,34.42
2024-01-24 01:00:00,22.77,74.65,7.5,34.55
2024-01-24 02:00:00,25.13,78.35,7.64,34.58
2024-01-24 03:00:00,24.57,75.18,7.54,34.67
2024-01-24 04:00:00,26.89,73.39,7.62,34.13
2024-01-24 05:00:00,27.79,70.86,7.52,34.76
2024-01-24 06:00:00,28.49,65.52,7.32,34.46
2024-01-24 07:00:00,31.53,67.19,7.39,33.61
2024-01-24 08:00:00,32.02,66.49,7.4,34.89
2024-01-24 09:00:00,33.34,64.54,7.57,34.54
2024-01-24 10:00:00,33.85,60.53,7.62,33.97
2024-01-24 11:00:00,35.49,60.79,7.56,35.1
2024-01-24 12:00:00,35.35,59.11,7.41,35.16
2024-01-24 13:00:00,35.14,58.43,7.48,34.17
2024-01-24 14:00:00,34.52,62.92,7.35,34.04
2024-01-24 15:00:00,33.19,64.39,7.6,34.6
2024-01-24 16:00:00,31.5,64.79,7.45,33.72
2024-01-24 17:00:00,30.99,69.33,7.52,33.83
2024-01-24 18:00:00,28.02,74.55,7.26,33.72
2024-01-24 19:00:00,28.14,67.89,7.68,34.64
2024-01-24 20:00:00,28.1,70.01,7.2,33.69
2024-01-24 21:00:00,25.04,71.94,7.26,33.07
2024-01-24 22:00:00,24.61,69.49,7.3,33.94
2024-01-24 23:00:00,25.75,75.78,7.69,33.55
2024-01-25 00:00:00,21.32,81.16,7.35,33.45
2024-01-25 01:00:00,24.34,83.93,7.23,34.04
2024-01-25 02:00:00,21.76,81.22,7.38,33.19
2024-01-25 03:00:00,26.2,71.31,7.22,33.64
2024-01-25 04:00:00,26.98,66.26,7.42,33.69
2024-01-25 05:00:00,27.6,69.2,7.4,33.63
2024-01-25 06:00:00,29.52,66.09,7.35,34.1
2024-01-25 07:00:00,30.27,66.39,7.52,33.7
2024-01-25 08:00:00,33.12,60.32,7.05,33.24
2024-01-25 09:00:00,31.69,73.35,7.04,33.8
2024-01-25 10:00:00,35.43,56.99,7.29,33.45
2024-01-25 11:00:00,33.36,62.54,7.4,32.78
2024-01-25 12:00:00,34.57,58.49,7.3,33.61
2024-01-25 13:00:00,35.26,54.57,7.25,33.55
2024-01-25 14:00:00,34.3,61.91,7.19,34.49
2024-01-25 15:00:00,32.91,56.93,7.25,32.52
2024-01-25 16:00:00,31.46,67.41,7.31,33.61
2024-01-25 17:00:00,32.05,63.99,7.02,33.07
2024-01-25 18:00:00,28.17,72.73,7.36,33.98
2024-01-25 19:00:00,29.34,62.06,7.19,33.7
2024-01-25 20:00:00,26.76,71.39,7.24,33.59
2024-01-25 21:00:00,24.52,78.73,7.27,34.18
2024-01-25 22:00:00,24.92,73.46,7.26,32.35
2024-01-25 23:00:00,24.89,74.87,7.18,33.95
2024-01-26 00:00:00,22.57,78.01,7.27,33.33
2024-01-26 01:00:00,24.85,74.65,7.02,33.16
2024-01-26 02:00:00,26.7,73.76,7.15,34.12
2024-01-26 03:00:00,25.73,71.32,7.01,33.1
2024-01-26 04:00:00,28.46,67.33,7.01,32.57
2024-01-26 05:00:00,29.83,70.0,7.17,32.94
2024-01-26 06:00:00,28.33,70.25,7.12,33.06
2024-01-26 07:00:00,32.26,64.61,7.14,33.41
2024-01-26 08:00:00,32.18,65.3,7.11,33.34
2024-01-26 09:00:00,33.4,57.31,7.18,33.02
2024-01-26 10:00:00,32.84,64.84,6.92,33.27
2024-01-26 11:00:00,35.63,60.68,7.34,32.8
2024-01-26 12:00:00,35.32,58.44,7.1,32.85
2024-01-26 13:00:00,33.87,66.49,7.01,33.4
2024-01-26 14:00:00,33.91,67.85,6.85,33.11
2024-01-26 15:00:00,32.18,65.07,7.04,34.38
2024-01-26 16:00:00,31.02,64.3,7.18,34.2
2024-01-26 17:00:00,30.52,69.03,7.12,33.62
2024-01-26 18:00:00,29.42,65.02,7.21,32.92
2024-01-26 19:00:00,29.42,66.5,7.06,31.99
2024-01-26 20:00:00,27.85,74.86,7.01,32.76
2024-01-26 21:00:00,27.27,67.67,7.17,32.73
2024-01-26 22:00:00,25.1,71.69,7.23,33.15
2024-01-26 23:00:00,23.04,80.7,6.93,32.74
2024-01-27 00:00:00,24.65,74.88,7.07,32.85
2024-01-27 01:00:00,22.28,78.9,6.97,33.52
2024-01-27 02:00:00,25.15,79.73,6.99,32.82
2024-01-27 03:00:00,25.72,76.33,6.79,33.56
2024-01-27 04:00:00,26.46,74.84,7.12,32.41
2024-01-27 05:00:00,29.14,68.24,7.11,33.29
2024-01-27 06:00:00,30.83,67.28,6.9,32.28
2024-01-27 07:00:00,31.13,63.18,7.08,32.81
2024-01-27 08:00:00,33.9,61.93,6.65,32.65
2024-01-27 09:00:00,32.81,56.02,6.96,33.56
2024-01-27 10:00:00,31.89,66.52,7.12,33.4
2024-01-27 11:00:00,35.26,58.82,7.06,33.78
2024-01-27 12:00:00,33.68,63.24,6.74,32.85
2024-01-27 13:00:00,35.05,53.59,6.87,33.19
2024-01-27 14:00:00,33.61,60.02,6.93,32.87
2024-01-27 15:00:00,32.83,57.37,6.97,33.31
2024-01-27 16:00:00,32.07,60.22,6.87,33.67
2024-01-27 17:00:00,31.22,64.03,6.92,32.96
2024-01-27 18:00:00,28.37,71.43,7.11,33.99
2024-01-27 19:00:00,28.08,73.7,7.2,33.25
2024-01-27 20:00:00,27.57,68.03,7.1,33.43
2024-01-27 21:00:00,25.75,71.55,7.22,33.93
2024-01-27 22:00:00,25.58,78.35,7.01,32.73
2024-01-27 23:00:00,26.24,73.05,7.17,33.68
2024-01-28 00:00:00,26.13,71.6,7.14,32.69
2024-01-28 01:00:00,24.92,79.89,6.91,33.75
2024-01-28 02:00:00,27.48,67.92,6.83,33.79
2024-01-28 03:00:00,25.84,71.44,6.68,33.29
2024-01-28 04:00:00,27.32,69.83,7.14,33.47
2024-01-28 05:00:00,28.07,67.48,6.99,32.03
2024-01-28 06:00:00,30.1,66.54,6.85,32.65
2024-01-28 07:00:00,30.87,70.97,6.95,33.19
2024-01-28 08:00:00,32.65,64.62,6.77,33.55
2024-01-28 09:00:00,31.89,64.7,6.91,33.93
2024-01-28 10:00:00,34.85,58.84,6.85,33.46
2024-01-28 11:00:00,34.25,68.53,6.87,33.54
2024-01-28 12:00:00,35.93,60.08,6.91,32.89
2024-01-28 13:00:00,32.96,59.94,7.03,32.83
2024-01-28 14:00:00,34.21,58.55,6.96,33.3
2024-01-28 15:00:00,31.93,64.94,7.09,33.97
2024-01-28 16:00:00,31.96,63.76,6.83,33.26
2024-01-28 17:00:00,31.51,60.89,7.17,34.28
2024-01-28 18:00:00,29.63,64.41,6.79,33.55
2024-01-28 19:00:00,29.76,68.36,7.04,33.18
2024-01-28 20:00:00,26.01,73.41,6.91,32.95
2024-01-28 21:00:00,27.51,73.9,6.9,33.18
2024-01-28 22:00:00,25.02,73.38,6.9,33.7
2024-01-28 23:00:00,26.26,73.05,6.74,33.61
2024-01-29 00:00:00,24.31,76.17,7.07,32.66
2024-01-29 01:00:00,25.75,72.54,7.08,33.9
2024-01-29 02:00:00,24.58,83.13,6.72,33.29
2024-01-29 03:00:00,27.95,71.47,6.89,34.16
2024-01-29 04:00:00,26.52,75.34,6.84,34.01
2024-01-29 05:00:00,28.25,71.33,7.14,33.61
2024-01-29 06:00:00,31.46,70.51,6.72,34.15
2024-01-29 07:00:00,31.92,63.42,6.88,34.0
2024-01-29 08:00:00,31.86,63.26,6.86,33.42
2024-01-29 09:00:00,34.51,63.6,6.83,34.71
2024-01-29 10:00:00,34.41,70.72,6.92,33.81
2024-01-29 11:00:00,35.06,66.58,6.89,33.62
2024-01-29 12:00:00,35.51,56.67,6.88,33.79
2024-01-29 13:00:00,34.46,59.89,7.33,33.19
2024-01-29 14:00:00,34.15,62.44,7.16,33.99
2024-01-29 15:00:00,32.62,63.36,7.06,34.58
2024-01-29 16:00:00,29.92,66.5,6.87,33.56
2024-01-29 17:00:00,30.34,67.04,7.03,33.81
2024-01-29 18:00:00,29.98,64.64,7.01,34.16
2024-01-29 19:00:00,29.51,72.37,7.15,34.48
2024-01-29 20:00:00,27.42,72.31,6.94,33.85
2024-01-29 21:00:00,27.31,65.37,7.06,33.86
2024-01-29 22:00:00,25.17,76.48,7.08,34.13
2024-01-29 23:00:00,24.77,76.66,7.2,35.19
2024-01-30 00:00:00,25.12,72.47,7.15,33.22
2024-01-30 01:00:00,25.09,74.08,6.99,34.34
2024-01-30 02:00:00,24.62,73.31,7.08,33.35
2024-01-30 03:00:00,24.85,75.06,7.1,34.95
2024-01-30 04:00:00,28.35,69.34,7.0,35.19
2024-01-30 05:00:00,28.21,78.46,7.04,33.75
2024-01-30 06:00:00,29.0,62.07,6.98,34.76
2024-01-30 07:00:00,30.92,65.04,7.12,35.18
2024-01-30 08:00:00,33.46,67.06,7.42,34.11
2024-01-30 09:00:00,34.56,65.92,7.09,34.4
2024-01-30 10:00:00,35.82,58.6,7.18,34.49
2024-01-30 11:00:00,33.59,61.95,6.95,35.42
2024-01-30 12:00:00,34.42,62.12,7.05,33.95
2024-01-30 13:00:00,33.18,59.92,7.17,33.21
2024-01-30 14:00:00,34.38,59.43,6.97,34.97
2024-01-30 15:00:00,33.92,63.27,7.17,34.13
2024-01-30 16:00:00,33.48,60.99,6.92,34.98
2024-01-30 17:00:00,30.06,66.57,6.69,34.77
2024-01-30 18:00:00,30.35,67.51,7.03,35.13
2024-01-30 19:00:00,28.65,62.0,7.12,34.42
2024-01-30 20:00:00,28.32,64.84,7.13,34.34
2024-01-30 21:00:00,25.14,72.15,7.27,35.14
2024-01-30 22:00:00,26.92,68.54,7.35,34.19
2024-01-30 23:00:00,25.8,72.72,7.38,36.66
